Закупки по;Реестровый номер закупки;Способ определения поставщика (подрядчика, исполнителя), подрядной организации (размещения закупки);Наименование закупки;Предмет электронного аукциона (только для ПП РФ 615);Идентификационный код закупки;Номер лота;Наименование лота;Начальная (максимальная) цена контракта;Валюта;Начальная (максимальная) цена в валюте контракта;Валюта контракта;Классификация по ОКДП;Классификация по ОКПД;Классификация по ОКПД2;Код позиции;Наименование Заказчика;Организация, осуществляющая размещение ;Дата размещения;Дата обновления;Этап закупки;Особенности размещения заказа\ Преимущества (44-ФЗ);Дата начала подачи заявок;Дата окончания подачи заявок;Дата проведения электронного аукциона
44-ФЗ;№0190200000326008695;Электронный аукцион;Оказание услуг по настройке ГИС «Смета ЯНАО» в части электронного взаимодействия (интеграции) с внешней информационной системой ГИС «Имущество ЯНАО»;;'262890103836489010100100220016201244;;;2000000.00;RUB;0;;;;;;"ГОСУДАРСТВЕННОЕ КАЗЕННОЕ УЧРЕЖДЕНИЕ ЯМАЛО-НЕНЕЦКОГО АВТОНОМНОГО ОКРУГА ""ЦЕНТРАЛИЗОВАННАЯ БУХГАЛТЕРИЯ ОРГАНОВ ГОСУДАРСТВЕННОЙ ВЛАСТИ ЯМАЛО-НЕНЕЦКОГО АВТОНОМНОГО ОКРУГА""";ДЕПАРТАМЕНТ ГОСУДАРСТВЕННОГО ЗАКАЗА ЯМАЛО-НЕНЕЦКОГО АВТОНОМНОГО ОКРУГА;29.07.2026;10.08.2026;Закупка завершена;;;06.08.2026;
44-ФЗ;№0190200000326008693;Электронный аукцион;Оказание услуг по настройке ГИС «Смета ЯНАО» в части электронного взаимодействия (интеграции) с внешней информационной системой ГИС «АПК»;;'262890103836489010100100260016201244;;;1800000.00;RUB;0;;;;;;"ГОСУДАРСТВЕННОЕ КАЗЕННОЕ УЧРЕЖДЕНИЕ ЯМАЛО-НЕНЕЦКОГО АВТОНОМНОГО ОКРУГА ""ЦЕНТРАЛИЗОВАННАЯ БУХГАЛТЕРИЯ ОРГАНОВ ГОСУДАРСТВЕННОЙ ВЛАСТИ ЯМАЛО-НЕНЕЦКОГО АВТОНОМНОГО ОКРУГА""";ДЕПАРТАМЕНТ ГОСУДАРСТВЕННОГО ЗАКАЗА ЯМАЛО-НЕНЕЦКОГО АВТОНОМНОГО ОКРУГА;29.07.2026;10.08.2026;Закупка завершена;;;06.08.2026;
44-ФЗ;№0190200000326008299;Электронный аукцион;Оказание услуг по настройке электронного взаимодействия ГИС «Смета ЯНАО» с сервисом по предоставлению справок о прохождении обучения в общеобразовательном учреждении;;'262890103836489010100100210016201244;;;1400000.00;RUB;0;;;;;;"ГОСУДАРСТВЕННОЕ КАЗЕННОЕ УЧРЕЖДЕНИЕ ЯМАЛО-НЕНЕЦКОГО АВТОНОМНОГО ОКРУГА ""ЦЕНТРАЛИЗОВАННАЯ БУХГАЛТЕРИЯ ОРГАНОВ ГОСУДАРСТВЕННОЙ ВЛАСТИ ЯМАЛО-НЕНЕЦКОГО АВТОНОМНОГО ОКРУГА""";ДЕПАРТАМЕНТ ГОСУДАРСТВЕННОГО ЗАКАЗА ЯМАЛО-НЕНЕЦКОГО АВТОНОМНОГО ОКРУГА;22.07.2026;31.07.2026;Закупка завершена;;;30.07.2026;
44-ФЗ;№0190200000326008298;Электронный аукцион;Оказание услуг по настройке ГИС «Смета ЯНАО» в части обеспечения электронного взаимодействия с внешней информационной системой ИС «КТГ-Услуга»;;'262890103836489010100100270016201244;;;900000.00;RUB;0;;;;;;"ГОСУДАРСТВЕННОЕ КАЗЕННОЕ УЧРЕЖДЕНИЕ ЯМАЛО-НЕНЕЦКОГО АВТОНОМНОГО ОКРУГА ""ЦЕНТРАЛИЗОВАННАЯ БУХГАЛТЕРИЯ ОРГАНОВ ГОСУДАРСТВЕННОЙ ВЛАСТИ ЯМАЛО-НЕНЕЦКОГО АВТОНОМНОГО ОКРУГА""";ДЕПАРТАМЕНТ ГОСУДАРСТВЕННОГО ЗАКАЗА ЯМАЛО-НЕНЕЦКОГО АВТОНОМНОГО ОКРУГА;22.07.2026;31.07.2026;Закупка завершена;;;30.07.2026;
44-ФЗ;№0190200000326007812;Электронный аукцион;Оказание услуг по настройке в ГИС «Смета ЯНАО» функционала в части учета, начисления и расчетов по плате, которую родители (законные представители) ежемесячно платят дошкольной образовательной организации за присмотр и уход за ребёнком (далее – родительская плата), компенсационных выплат по родительской плате, а также учет расчетов по платным услугам образовательных учреждений;;'262890103836489010100100230016201244;;;2200000.00;RUB;0;;;;;;"ГОСУДАРСТВЕННОЕ КАЗЕННОЕ УЧРЕЖДЕНИЕ ЯМАЛО-НЕНЕЦКОГО АВТОНОМНОГО ОКРУГА ""ЦЕНТРАЛИЗОВАННАЯ БУХГАЛТЕРИЯ ОРГАНОВ ГОСУДАРСТВЕННОЙ ВЛАСТИ ЯМАЛО-НЕНЕЦКОГО АВТОНОМНОГО ОКРУГА""";ДЕПАРТАМЕНТ ГОСУДАРСТВЕННОГО ЗАКАЗА ЯМАЛО-НЕНЕЦКОГО АВТОНОМНОГО ОКРУГА;06.07.2026;15.07.2026;Закупка завершена;;;14.07.2026;
44-ФЗ;№0190200000326007811;Электронный аукцион;Оказание услуг по слиянию в ГИС «Смета ЯНАО» баз данных учреждений;;'262890103836489010100100280016201244;;;4000000.00;RUB;0;;;;;;"ГОСУДАРСТВЕННОЕ КАЗЕННОЕ УЧРЕЖДЕНИЕ ЯМАЛО-НЕНЕЦКОГО АВТОНОМНОГО ОКРУГА ""ЦЕНТРАЛИЗОВАННАЯ БУХГАЛТЕРИЯ ОРГАНОВ ГОСУДАРСТВЕННОЙ ВЛАСТИ ЯМАЛО-НЕНЕЦКОГО АВТОНОМНОГО ОКРУГА""";ДЕПАРТАМЕНТ ГОСУДАРСТВЕННОГО ЗАКАЗА ЯМАЛО-НЕНЕЦКОГО АВТОНОМНОГО ОКРУГА;06.07.2026;15.07.2026;Закупка завершена;;;14.07.2026;
44-ФЗ;№0190200000326006735;Электронный аукцион;Оказание услуг по технической поддержке программного продукта ГИС «Смета ЯНАО»;;'262890103836489010100100190016202244;;;40886750.00;RUB;0;;;;;;"ГОСУДАРСТВЕННОЕ КАЗЕННОЕ УЧРЕЖДЕНИЕ ЯМАЛО-НЕНЕЦКОГО АВТОНОМНОГО ОКРУГА ""ЦЕНТРАЛИЗОВАННАЯ БУХГАЛТЕРИЯ ОРГАНОВ ГОСУДАРСТВЕННОЙ ВЛАСТИ ЯМАЛО-НЕНЕЦКОГО АВТОНОМНОГО ОКРУГА""";ДЕПАРТАМЕНТ ГОСУДАРСТВЕННОГО ЗАКАЗА ЯМАЛО-НЕНЕЦКОГО АВТОНОМНОГО ОКРУГА;05.06.2026;18.06.2026;Закупка завершена;;;16.06.2026;
44-ФЗ;№0190200000326001501;Электронный аукцион;Оказание услуг по настройке механизма электронного взаимодействия с ГИС «Единая система кадрового учета» в учреждениях, использующих для ведения бухгалтерского учета ГИС «Смета ЯНАО»;;'262890103836489010100100200026201244;;;22750000.00;RUB;0;;;;;;"ГОСУДАРСТВЕННОЕ КАЗЕННОЕ УЧРЕЖДЕНИЕ ЯМАЛО-НЕНЕЦКОГО АВТОНОМНОГО ОКРУГА ""ЦЕНТРАЛИЗОВАННАЯ БУХГАЛТЕРИЯ ОРГАНОВ ГОСУДАРСТВЕННОЙ ВЛАСТИ ЯМАЛО-НЕНЕЦКОГО АВТОНОМНОГО ОКРУГА""";ДЕПАРТАМЕНТ ГОСУДАРСТВЕННОГО ЗАКАЗА ЯМАЛО-НЕНЕЦКОГО АВТОНОМНОГО ОКРУГА;24.02.2026;06.03.2026;Закупка завершена;;;05.03.2026;
44-ФЗ;№0190200000325016615;Электронный аукцион;Оказание услуг по технической поддержке программного продукта ГИС «Смета ЯНАО»;;'252890103836489010100100140026202244;;;40887000.00;RUB;0;;;;;;"ГОСУДАРСТВЕННОЕ КАЗЕННОЕ УЧРЕЖДЕНИЕ ЯМАЛО-НЕНЕЦКОГО АВТОНОМНОГО ОКРУГА ""ЦЕНТРАЛИЗОВАННАЯ БУХГАЛТЕРИЯ ОРГАНОВ ГОСУДАРСТВЕННОЙ ВЛАСТИ ЯМАЛО-НЕНЕЦКОГО АВТОНОМНОГО ОКРУГА""";ДЕПАРТАМЕНТ ГОСУДАРСТВЕННОГО ЗАКАЗА ЯМАЛО-НЕНЕЦКОГО АВТОНОМНОГО ОКРУГА;16.12.2025;26.12.2025;Закупка завершена;;;25.12.2025;
44-ФЗ;№0190200000325015002;Электронный аукцион;Оказание услуг по настройке подписания документов разных субъектов учета в едином интерфейсе ГИС «Смета ЯНАО»;;'252890103836489010100100210016201244;;;2200000.00;RUB;0;;;;;;"ГОСУДАРСТВЕННОЕ КАЗЕННОЕ УЧРЕЖДЕНИЕ ЯМАЛО-НЕНЕЦКОГО АВТОНОМНОГО ОКРУГА ""ЦЕНТРАЛИЗОВАННАЯ БУХГАЛТЕРИЯ ОРГАНОВ ГОСУДАРСТВЕННОЙ ВЛАСТИ ЯМАЛО-НЕНЕЦКОГО АВТОНОМНОГО ОКРУГА""";ДЕПАРТАМЕНТ ГОСУДАРСТВЕННОГО ЗАКАЗА ЯМАЛО-НЕНЕЦКОГО АВТОНОМНОГО ОКРУГА;21.11.2025;04.12.2025;Закупка завершена;;;02.12.2025;
44-ФЗ;№0190200000325014723;Электронный аукцион;"Оказание услуг по предоставлению права использования программного обеспечения для ГИС ""Смета ЯНАО""";;'252890103836489010100100300025829244;;;3100000.00;RUB;0;;;;;;"ГОСУДАРСТВЕННОЕ КАЗЕННОЕ УЧРЕЖДЕНИЕ ЯМАЛО-НЕНЕЦКОГО АВТОНОМНОГО ОКРУГА ""ЦЕНТРАЛИЗОВАННАЯ БУХГАЛТЕРИЯ ОРГАНОВ ГОСУДАРСТВЕННОЙ ВЛАСТИ ЯМАЛО-НЕНЕЦКОГО АВТОНОМНОГО ОКРУГА""";ДЕПАРТАМЕНТ ГОСУДАРСТВЕННОГО ЗАКАЗА ЯМАЛО-НЕНЕЦКОГО АВТОНОМНОГО ОКРУГА;17.11.2025;27.11.2025;Закупка завершена;;;25.11.2025;
44-ФЗ;№0190200000325014020;Электронный аукцион;Оказание услуг по настройке программного продукта ГИС «Смета ЯНАО» в части обеспечения электронного взаимодействия с внешней информационной системой ГИС «Единая система кадрового учета»;;'252890103836489010100100160026201244;;;5250000.00;RUB;0;;;;;;"ГОСУДАРСТВЕННОЕ КАЗЕННОЕ УЧРЕЖДЕНИЕ ЯМАЛО-НЕНЕЦКОГО АВТОНОМНОГО ОКРУГА ""ЦЕНТРАЛИЗОВАННАЯ БУХГАЛТЕРИЯ ОРГАНОВ ГОСУДАРСТВЕННОЙ ВЛАСТИ ЯМАЛО-НЕНЕЦКОГО АВТОНОМНОГО ОКРУГА""";ДЕПАРТАМЕНТ ГОСУДАРСТВЕННОГО ЗАКАЗА ЯМАЛО-НЕНЕЦКОГО АВТОНОМНОГО ОКРУГА;05.11.2025;16.11.2025;Закупка завершена;;;13.11.2025;
44-ФЗ;№0190200000325012020;Электронный аукцион;Оказание услуг по настройке программного продукта ГИС «Смета ЯНАО» в части обеспечения электронного взаимодействия с внешней информационной системой ГИС «Единая система кадрового учета»;;'252890103836489010100100160016201244;;;15925000.00;RUB;0;;;;;;"ГОСУДАРСТВЕННОЕ КАЗЕННОЕ УЧРЕЖДЕНИЕ ЯМАЛО-НЕНЕЦКОГО АВТОНОМНОГО ОКРУГА ""ЦЕНТРАЛИЗОВАННАЯ БУХГАЛТЕРИЯ ОРГАНОВ ГОСУДАРСТВЕННОЙ ВЛАСТИ ЯМАЛО-НЕНЕЦКОГО АВТОНОМНОГО ОКРУГА""";ДЕПАРТАМЕНТ ГОСУДАРСТВЕННОГО ЗАКАЗА ЯМАЛО-НЕНЕЦКОГО АВТОНОМНОГО ОКРУГА;01.10.2025;09.10.2025;Закупка завершена;;;09.10.2025;
44-ФЗ;№0190200000325011892;Электронный аукцион;"Оказание услуг по предоставлению права использования программного обеспечения для ГИС ""Смета ЯНАО""";;'252890103836489010100100300015829244;;;3100000.00;RUB;0;;;;;;"ГОСУДАРСТВЕННОЕ КАЗЕННОЕ УЧРЕЖДЕНИЕ ЯМАЛО-НЕНЕЦКОГО АВТОНОМНОГО ОКРУГА ""ЦЕНТРАЛИЗОВАННАЯ БУХГАЛТЕРИЯ ОРГАНОВ ГОСУДАРСТВЕННОЙ ВЛАСТИ ЯМАЛО-НЕНЕЦКОГО АВТОНОМНОГО ОКРУГА""";ДЕПАРТАМЕНТ ГОСУДАРСТВЕННОГО ЗАКАЗА ЯМАЛО-НЕНЕЦКОГО АВТОНОМНОГО ОКРУГА;29.09.2025;07.10.2025;Закупка завершена;;;07.10.2025;
44-ФЗ;№0190200000325008201;Электронный аукцион;Оказание услуг по настройке программного продукта государственная информационная система «Смета Ямало-Ненецкого автономного округа» в части автоматизации работы наградного отдела аппарата Губернатора Ямало-Ненецкого автономного округа;;'252890103836489010100100230016201244;;;900000.00;RUB;0;;;;;;"ГОСУДАРСТВЕННОЕ КАЗЕННОЕ УЧРЕЖДЕНИЕ ЯМАЛО-НЕНЕЦКОГО АВТОНОМНОГО ОКРУГА ""ЦЕНТРАЛИЗОВАННАЯ БУХГАЛТЕРИЯ ОРГАНОВ ГОСУДАРСТВЕННОЙ ВЛАСТИ ЯМАЛО-НЕНЕЦКОГО АВТОНОМНОГО ОКРУГА""";ДЕПАРТАМЕНТ ГОСУДАРСТВЕННОГО ЗАКАЗА ЯМАЛО-НЕНЕЦКОГО АВТОНОМНОГО ОКРУГА;01.07.2025;14.07.2025;Закупка завершена;;;10.07.2025;
44-ФЗ;№0190200000325007340;Электронный аукцион;Оказание услуг по технической поддержке программного продукта ГИС «Смета ЯНАО»;;'252890103836489010100100140016202244;;;29095750.00;RUB;0;;;;;;"ГОСУДАРСТВЕННОЕ КАЗЕННОЕ УЧРЕЖДЕНИЕ ЯМАЛО-НЕНЕЦКОГО АВТОНОМНОГО ОКРУГА ""ЦЕНТРАЛИЗОВАННАЯ БУХГАЛТЕРИЯ ОРГАНОВ ГОСУДАРСТВЕННОЙ ВЛАСТИ ЯМАЛО-НЕНЕЦКОГО АВТОНОМНОГО ОКРУГА""";ДЕПАРТАМЕНТ ГОСУДАРСТВЕННОГО ЗАКАЗА ЯМАЛО-НЕНЕЦКОГО АВТОНОМНОГО ОКРУГА;05.06.2025;18.06.2025;Закупка завершена;;;17.06.2025;
44-ФЗ;№0190200000325005501;Электронный аукцион;Оказание услуг по миграции баз данных в единую программную платформу ГИС «Смета ЯНАО»;;'252890103836489010100100150016201244;;;142100000.00;RUB;0;;;;;;"ГОСУДАРСТВЕННОЕ КАЗЕННОЕ УЧРЕЖДЕНИЕ ЯМАЛО-НЕНЕЦКОГО АВТОНОМНОГО ОКРУГА ""ЦЕНТРАЛИЗОВАННАЯ БУХГАЛТЕРИЯ ОРГАНОВ ГОСУДАРСТВЕННОЙ ВЛАСТИ ЯМАЛО-НЕНЕЦКОГО АВТОНОМНОГО ОКРУГА""";ДЕПАРТАМЕНТ ГОСУДАРСТВЕННОГО ЗАКАЗА ЯМАЛО-НЕНЕЦКОГО АВТОНОМНОГО ОКРУГА;28.04.2025;07.05.2025;Закупка завершена;;;06.05.2025;
44-ФЗ;№0190200000325005490;Электронный аукцион;Оказание услуг по проведению предпроектного обследования локальных информационных систем бухгалтерского учета, используемых муниципальными учреждениями и органами местного самоуправления;;'252890103836489010100100290016201244;;;8100000.00;RUB;0;;;;;;"ГОСУДАРСТВЕННОЕ КАЗЕННОЕ УЧРЕЖДЕНИЕ ЯМАЛО-НЕНЕЦКОГО АВТОНОМНОГО ОКРУГА ""ЦЕНТРАЛИЗОВАННАЯ БУХГАЛТЕРИЯ ОРГАНОВ ГОСУДАРСТВЕННОЙ ВЛАСТИ ЯМАЛО-НЕНЕЦКОГО АВТОНОМНОГО ОКРУГА""";ДЕПАРТАМЕНТ ГОСУДАРСТВЕННОГО ЗАКАЗА ЯМАЛО-НЕНЕЦКОГО АВТОНОМНОГО ОКРУГА;28.04.2025;07.05.2025;Закупка завершена;;;06.05.2025;
44-ФЗ;№0190200000325000989;Электронный аукцион;Оказание услуг по настройке государственной информационной системы «Смета Ямало-Ненецкого автономного округа» в части отправки электронной отчётности;;'252890103836489010100100180016201244;;;3500000.00;RUB;0;;;;;;"ГОСУДАРСТВЕННОЕ КАЗЕННОЕ УЧРЕЖДЕНИЕ ЯМАЛО-НЕНЕЦКОГО АВТОНОМНОГО ОКРУГА ""ЦЕНТРАЛИЗОВАННАЯ БУХГАЛТЕРИЯ ОРГАНОВ ГОСУДАРСТВЕННОЙ ВЛАСТИ ЯМАЛО-НЕНЕЦКОГО АВТОНОМНОГО ОКРУГА""";ДЕПАРТАМЕНТ ГОСУДАРСТВЕННОГО ЗАКАЗА ЯМАЛО-НЕНЕЦКОГО АВТОНОМНОГО ОКРУГА;12.02.2025;21.02.2025;Закупка завершена;;;20.02.2025;
44-ФЗ;№0190200000325000889;Электронный аукцион;Оказание услуг по миграции баз данных в единую программную платформу ГИС «Смета ЯНАО»;;'252890103836489010100100150026201244;;;135500000.00;RUB;0;;;;;;"ГОСУДАРСТВЕННОЕ КАЗЕННОЕ УЧРЕЖДЕНИЕ ЯМАЛО-НЕНЕЦКОГО АВТОНОМНОГО ОКРУГА ""ЦЕНТРАЛИЗОВАННАЯ БУХГАЛТЕРИЯ ОРГАНОВ ГОСУДАРСТВЕННОЙ ВЛАСТИ ЯМАЛО-НЕНЕЦКОГО АВТОНОМНОГО ОКРУГА""";ДЕПАРТАМЕНТ ГОСУДАРСТВЕННОГО ЗАКАЗА ЯМАЛО-НЕНЕЦКОГО АВТОНОМНОГО ОКРУГА;11.02.2025;21.02.2025;Закупка завершена;;;20.02.2025;
44-ФЗ;№0190200000324016434;Электронный аукцион;Оказание услуг по технической поддержке программного продукта государственной информационной системы «Смета Ямало-Ненецкого автономного округа»;;'242890103836489010100100250016202244;;;16728000.00;RUB;0;;;;;;"ГОСУДАРСТВЕННОЕ КАЗЕННОЕ УЧРЕЖДЕНИЕ ЯМАЛО-НЕНЕЦКОГО АВТОНОМНОГО ОКРУГА ""ЦЕНТРАЛИЗОВАННАЯ БУХГАЛТЕРИЯ ОРГАНОВ ГОСУДАРСТВЕННОЙ ВЛАСТИ ЯМАЛО-НЕНЕЦКОГО АВТОНОМНОГО ОКРУГА""";ДЕПАРТАМЕНТ ГОСУДАРСТВЕННОГО ЗАКАЗА ЯМАЛО-НЕНЕЦКОГО АВТОНОМНОГО ОКРУГА;19.12.2024;16.01.2025;Закупка завершена;;;14.01.2025;
44-ФЗ;№0190200000324013169;Электронный аукцион;Выполнение работ по развитию государственной информационной системы «Смета Ямало-Ненецкого автономного округа»;;'242890103836489010100100180016201244;;;13555000.00;RUB;0;;;;;;"ГОСУДАРСТВЕННОЕ КАЗЕННОЕ УЧРЕЖДЕНИЕ ЯМАЛО-НЕНЕЦКОГО АВТОНОМНОГО ОКРУГА ""ЦЕНТРАЛИЗОВАННАЯ БУХГАЛТЕРИЯ ОРГАНОВ ГОСУДАРСТВЕННОЙ ВЛАСТИ ЯМАЛО-НЕНЕЦКОГО АВТОНОМНОГО ОКРУГА""";ДЕПАРТАМЕНТ ГОСУДАРСТВЕННОГО ЗАКАЗА ЯМАЛО-НЕНЕЦКОГО АВТОНОМНОГО ОКРУГА;02.11.2024;13.11.2024;Закупка завершена;;;12.11.2024;
44-ФЗ;№0190200000324010530;Электронный аукцион;Оказание услуг по настройке программного продукта ГИС «Смета ЯНАО» в части обеспечения электронного взаимодействия с внешней информационной системой ГИС «Имущество ЯНАО»;;'242890103836489010100100160016201244;;;1300000.00;RUB;0;;;;;;"ГОСУДАРСТВЕННОЕ КАЗЕННОЕ УЧРЕЖДЕНИЕ ЯМАЛО-НЕНЕЦКОГО АВТОНОМНОГО ОКРУГА ""ЦЕНТРАЛИЗОВАННАЯ БУХГАЛТЕРИЯ ОРГАНОВ ГОСУДАРСТВЕННОЙ ВЛАСТИ ЯМАЛО-НЕНЕЦКОГО АВТОНОМНОГО ОКРУГА""";ДЕПАРТАМЕНТ ГОСУДАРСТВЕННОГО ЗАКАЗА ЯМАЛО-НЕНЕЦКОГО АВТОНОМНОГО ОКРУГА;11.09.2024;20.09.2024;Закупка завершена;;;19.09.2024;
44-ФЗ;№0190200000324010456;Электронный аукцион;Оказание услуг по миграции баз данных в единую программную платформу ГИС «Смета ЯНАО»;;'242890103836489010100100130056201244;;;2300000.00;RUB;0;;;;;;"ГОСУДАРСТВЕННОЕ КАЗЕННОЕ УЧРЕЖДЕНИЕ ЯМАЛО-НЕНЕЦКОГО АВТОНОМНОГО ОКРУГА ""ЦЕНТРАЛИЗОВАННАЯ БУХГАЛТЕРИЯ ОРГАНОВ ГОСУДАРСТВЕННОЙ ВЛАСТИ ЯМАЛО-НЕНЕЦКОГО АВТОНОМНОГО ОКРУГА""";ДЕПАРТАМЕНТ ГОСУДАРСТВЕННОГО ЗАКАЗА ЯМАЛО-НЕНЕЦКОГО АВТОНОМНОГО ОКРУГА;09.09.2024;19.09.2024;Закупка завершена;;;17.09.2024;
44-ФЗ;№0190200000324010303;Электронный аукцион;Оказание услуг по технической поддержке программного продукта ГИС «Смета ЯНАО»;;'242890103836489010100100120036202244;;;8610000.00;RUB;0;;;;;;"ГОСУДАРСТВЕННОЕ КАЗЕННОЕ УЧРЕЖДЕНИЕ ЯМАЛО-НЕНЕЦКОГО АВТОНОМНОГО ОКРУГА ""ЦЕНТРАЛИЗОВАННАЯ БУХГАЛТЕРИЯ ОРГАНОВ ГОСУДАРСТВЕННОЙ ВЛАСТИ ЯМАЛО-НЕНЕЦКОГО АВТОНОМНОГО ОКРУГА""";ДЕПАРТАМЕНТ ГОСУДАРСТВЕННОГО ЗАКАЗА ЯМАЛО-НЕНЕЦКОГО АВТОНОМНОГО ОКРУГА;04.09.2024;13.09.2024;Закупка завершена;;;12.09.2024;
44-ФЗ;№0190200000324008570;Электронный аукцион;"Оказание услуг по настройке государственной информационной системы ""Смета Ямало-Ненецкого автономного округа""";;'242890103836489010100100110026201244;;;2300000.00;RUB;0;;;;;;"ГОСУДАРСТВЕННОЕ КАЗЕННОЕ УЧРЕЖДЕНИЕ ЯМАЛО-НЕНЕЦКОГО АВТОНОМНОГО ОКРУГА ""ЦЕНТРАЛИЗОВАННАЯ БУХГАЛТЕРИЯ ОРГАНОВ ГОСУДАРСТВЕННОЙ ВЛАСТИ ЯМАЛО-НЕНЕЦКОГО АВТОНОМНОГО ОКРУГА""";ДЕПАРТАМЕНТ ГОСУДАРСТВЕННОГО ЗАКАЗА ЯМАЛО-НЕНЕЦКОГО АВТОНОМНОГО ОКРУГА;08.07.2024;17.07.2024;Закупка завершена;;;16.07.2024;
44-ФЗ;№0190200000324008648;Электронный аукцион;Оказание услуг по миграции баз данных в единую программную платформу ГИС «Смета ЯНАО»;;'242890103836489010100100130046201244;;;3740000.00;RUB;0;;;;;;"ГОСУДАРСТВЕННОЕ КАЗЕННОЕ УЧРЕЖДЕНИЕ ЯМАЛО-НЕНЕЦКОГО АВТОНОМНОГО ОКРУГА ""ЦЕНТРАЛИЗОВАННАЯ БУХГАЛТЕРИЯ ОРГАНОВ ГОСУДАРСТВЕННОЙ ВЛАСТИ ЯМАЛО-НЕНЕЦКОГО АВТОНОМНОГО ОКРУГА""";ДЕПАРТАМЕНТ ГОСУДАРСТВЕННОГО ЗАКАЗА ЯМАЛО-НЕНЕЦКОГО АВТОНОМНОГО ОКРУГА;08.07.2024;17.07.2024;Закупка завершена;;;16.07.2024;
44-ФЗ;№0190200000324008571;Электронный аукцион;Оказание услуг по настройке программного продукта ГИС «Смета ЯНАО» в части обеспечения электронного взаимодействия с внешней информационной системой ГИС «Единая система кадрового учета»;;'242890103836489010100100140016201244;;;4500000.00;RUB;0;;;;;;"ГОСУДАРСТВЕННОЕ КАЗЕННОЕ УЧРЕЖДЕНИЕ ЯМАЛО-НЕНЕЦКОГО АВТОНОМНОГО ОКРУГА ""ЦЕНТРАЛИЗОВАННАЯ БУХГАЛТЕРИЯ ОРГАНОВ ГОСУДАРСТВЕННОЙ ВЛАСТИ ЯМАЛО-НЕНЕЦКОГО АВТОНОМНОГО ОКРУГА""";ДЕПАРТАМЕНТ ГОСУДАРСТВЕННОГО ЗАКАЗА ЯМАЛО-НЕНЕЦКОГО АВТОНОМНОГО ОКРУГА;08.07.2024;17.07.2024;Закупка завершена;;;16.07.2024;
44-ФЗ;№0190200000324008651;Электронный аукцион;"Оказание услуг по настройке государственной информационной системы ""Смета Ямало-Ненецкого автономного округа""";;'242890103836489010100100110046201244;;;1500000.00;RUB;0;;;;;;"ГОСУДАРСТВЕННОЕ КАЗЕННОЕ УЧРЕЖДЕНИЕ ЯМАЛО-НЕНЕЦКОГО АВТОНОМНОГО ОКРУГА ""ЦЕНТРАЛИЗОВАННАЯ БУХГАЛТЕРИЯ ОРГАНОВ ГОСУДАРСТВЕННОЙ ВЛАСТИ ЯМАЛО-НЕНЕЦКОГО АВТОНОМНОГО ОКРУГА""";ДЕПАРТАМЕНТ ГОСУДАРСТВЕННОГО ЗАКАЗА ЯМАЛО-НЕНЕЦКОГО АВТОНОМНОГО ОКРУГА;08.07.2024;17.07.2024;Закупка завершена;;;16.07.2024;
44-ФЗ;№0190200000324008597;Электронный аукцион;"Оказание услуг по настройке государственной информационной системы ""Смета Ямало-Ненецкого автономного округа""";;'242890103836489010100100110036201244;;;2500000.00;RUB;0;;;;;;"ГОСУДАРСТВЕННОЕ КАЗЕННОЕ УЧРЕЖДЕНИЕ ЯМАЛО-НЕНЕЦКОГО АВТОНОМНОГО ОКРУГА ""ЦЕНТРАЛИЗОВАННАЯ БУХГАЛТЕРИЯ ОРГАНОВ ГОСУДАРСТВЕННОЙ ВЛАСТИ ЯМАЛО-НЕНЕЦКОГО АВТОНОМНОГО ОКРУГА""";ДЕПАРТАМЕНТ ГОСУДАРСТВЕННОГО ЗАКАЗА ЯМАЛО-НЕНЕЦКОГО АВТОНОМНОГО ОКРУГА;08.07.2024;17.07.2024;Закупка завершена;;;16.07.2024;
44-ФЗ;№0190200000324006972;Электронный аукцион;Оказание услуги по миграции баз данных в единую программную платформу;;'242890103836489010100100130036201244;;;8553600.00;RUB;0;;;;;;"ГОСУДАРСТВЕННОЕ КАЗЕННОЕ УЧРЕЖДЕНИЕ ЯМАЛО-НЕНЕЦКОГО АВТОНОМНОГО ОКРУГА ""ЦЕНТРАЛИЗОВАННАЯ БУХГАЛТЕРИЯ ОРГАНОВ ГОСУДАРСТВЕННОЙ ВЛАСТИ ЯМАЛО-НЕНЕЦКОГО АВТОНОМНОГО ОКРУГА""";ДЕПАРТАМЕНТ ГОСУДАРСТВЕННОГО ЗАКАЗА ЯМАЛО-НЕНЕЦКОГО АВТОНОМНОГО ОКРУГА;03.06.2024;14.06.2024;Закупка завершена;;;11.06.2024;
44-ФЗ;№0190200000324006490;Электронный аукцион;Оказание услуг по технической поддержке программного продукта «Автоматизированная система бюджетного учета «Смета»;;'242890103836489010100100120026202244;;;8610000.00;RUB;0;;;;;;"ГОСУДАРСТВЕННОЕ КАЗЕННОЕ УЧРЕЖДЕНИЕ ЯМАЛО-НЕНЕЦКОГО АВТОНОМНОГО ОКРУГА ""ЦЕНТРАЛИЗОВАННАЯ БУХГАЛТЕРИЯ ОРГАНОВ ГОСУДАРСТВЕННОЙ ВЛАСТИ ЯМАЛО-НЕНЕЦКОГО АВТОНОМНОГО ОКРУГА""";ДЕПАРТАМЕНТ ГОСУДАРСТВЕННОГО ЗАКАЗА ЯМАЛО-НЕНЕЦКОГО АВТОНОМНОГО ОКРУГА;23.05.2024;05.06.2024;Закупка завершена;;;04.06.2024;
44-ФЗ;№0190200000324006966;Электронный аукцион;"Оказание услуг по настройке государственной информационной системы ""Смета Ямало-Ненецкого автономного округа""";;'242890103836489010100100110016201244;;;2500000.00;RUB;0;;;;;;"ГОСУДАРСТВЕННОЕ КАЗЕННОЕ УЧРЕЖДЕНИЕ ЯМАЛО-НЕНЕЦКОГО АВТОНОМНОГО ОКРУГА ""ЦЕНТРАЛИЗОВАННАЯ БУХГАЛТЕРИЯ ОРГАНОВ ГОСУДАРСТВЕННОЙ ВЛАСТИ ЯМАЛО-НЕНЕЦКОГО АВТОНОМНОГО ОКРУГА""";ДЕПАРТАМЕНТ ГОСУДАРСТВЕННОГО ЗАКАЗА ЯМАЛО-НЕНЕЦКОГО АВТОНОМНОГО ОКРУГА;03.06.2024;04.06.2024;Определение поставщика отменено;;;11.06.2024;
44-ФЗ;№0190200000324003947;Электронный аукцион;Оказание услуги по миграции баз данных в единую программную платформу («Автоматизированная система бюджетного учета «Смета»;;'242890103836489010100100130016201244;;;13800000.00;RUB;0;;;;;;"ГОСУДАРСТВЕННОЕ КАЗЕННОЕ УЧРЕЖДЕНИЕ ЯМАЛО-НЕНЕЦКОГО АВТОНОМНОГО ОКРУГА ""ЦЕНТРАЛИЗОВАННАЯ БУХГАЛТЕРИЯ ОРГАНОВ ГОСУДАРСТВЕННОЙ ВЛАСТИ ЯМАЛО-НЕНЕЦКОГО АВТОНОМНОГО ОКРУГА""";ДЕПАРТАМЕНТ ГОСУДАРСТВЕННОГО ЗАКАЗА ЯМАЛО-НЕНЕЦКОГО АВТОНОМНОГО ОКРУГА;29.03.2024;10.04.2024;Закупка завершена;;;09.04.2024;
44-ФЗ;№0190200000324003051;Электронный аукцион;Оказание услуги по миграции баз данных в единую программную платформу;;'242890103836489010100100130026201244;;;8640000.00;RUB;0;;;;;;"ГОСУДАРСТВЕННОЕ КАЗЕННОЕ УЧРЕЖДЕНИЕ ЯМАЛО-НЕНЕЦКОГО АВТОНОМНОГО ОКРУГА ""ЦЕНТРАЛИЗОВАННАЯ БУХГАЛТЕРИЯ ОРГАНОВ ГОСУДАРСТВЕННОЙ ВЛАСТИ ЯМАЛО-НЕНЕЦКОГО АВТОНОМНОГО ОКРУГА""";ДЕПАРТАМЕНТ ГОСУДАРСТВЕННОГО ЗАКАЗА ЯМАЛО-НЕНЕЦКОГО АВТОНОМНОГО ОКРУГА;13.03.2024;22.03.2024;Закупка завершена;;;21.03.2024;
44-ФЗ;№0190200000324002639;Электронный аукцион;Оказание услуг по технической поддержке программного продукта «Автоматизированная система бюджетного учета «Смета»;;'242890103836489010100100120016202244;;;5670000.00;RUB;0;;;;;;"ГОСУДАРСТВЕННОЕ КАЗЕННОЕ УЧРЕЖДЕНИЕ ЯМАЛО-НЕНЕЦКОГО АВТОНОМНОГО ОКРУГА ""ЦЕНТРАЛИЗОВАННАЯ БУХГАЛТЕРИЯ ОРГАНОВ ГОСУДАРСТВЕННОЙ ВЛАСТИ ЯМАЛО-НЕНЕЦКОГО АВТОНОМНОГО ОКРУГА""";ДЕПАРТАМЕНТ ГОСУДАРСТВЕННОГО ЗАКАЗА ЯМАЛО-НЕНЕЦКОГО АВТОНОМНОГО ОКРУГА;06.03.2024;15.03.2024;Закупка завершена;;;14.03.2024;
44-ФЗ;№0190200000323015416;Электронный аукцион;Оказание услуг по миграции баз данных в единую программную платформу;;'232890103836489010100100190016201244;;;7360000.00;RUB;0;;;;;;"ГОСУДАРСТВЕННОЕ КАЗЕННОЕ УЧРЕЖДЕНИЕ ЯМАЛО-НЕНЕЦКОГО АВТОНОМНОГО ОКРУГА ""ЦЕНТРАЛИЗОВАННАЯ БУХГАЛТЕРИЯ ОРГАНОВ ГОСУДАРСТВЕННОЙ ВЛАСТИ ЯМАЛО-НЕНЕЦКОГО АВТОНОМНОГО ОКРУГА""";ДЕПАРТАМЕНТ ГОСУДАРСТВЕННОГО ЗАКАЗА ЯМАЛО-НЕНЕЦКОГО АВТОНОМНОГО ОКРУГА;25.12.2023;15.01.2024;Закупка завершена;;;11.01.2024;
44-ФЗ;№0190200000323014381;Электронный аукцион;"Оказание услуг по технической поддержке программного продукта ""Автоматизированная система бюджетного учета ""Смета""";;'232890103836489010100100180016202244;;;5390000.00;RUB;0;;;;;;"ГОСУДАРСТВЕННОЕ КАЗЕННОЕ УЧРЕЖДЕНИЕ ЯМАЛО-НЕНЕЦКОГО АВТОНОМНОГО ОКРУГА ""ЦЕНТРАЛИЗОВАННАЯ БУХГАЛТЕРИЯ ОРГАНОВ ГОСУДАРСТВЕННОЙ ВЛАСТИ ЯМАЛО-НЕНЕЦКОГО АВТОНОМНОГО ОКРУГА""";ДЕПАРТАМЕНТ ГОСУДАРСТВЕННОГО ЗАКАЗА ЯМАЛО-НЕНЕЦКОГО АВТОНОМНОГО ОКРУГА;05.12.2023;15.12.2023;Закупка завершена;;;14.12.2023;
44-ФЗ;№0190200000323011529;Электронный аукцион;Оказание услуг по миграции баз данных в единую программную платформу;;'232890103836489010100100130056201244;;;780000.00;RUB;0;;;;;;"ГОСУДАРСТВЕННОЕ КАЗЕННОЕ УЧРЕЖДЕНИЕ ЯМАЛО-НЕНЕЦКОГО АВТОНОМНОГО ОКРУГА ""ЦЕНТРАЛИЗОВАННАЯ БУХГАЛТЕРИЯ ОРГАНОВ ГОСУДАРСТВЕННОЙ ВЛАСТИ ЯМАЛО-НЕНЕЦКОГО АВТОНОМНОГО ОКРУГА""";ДЕПАРТАМЕНТ ГОСУДАРСТВЕННОГО ЗАКАЗА ЯМАЛО-НЕНЕЦКОГО АВТОНОМНОГО ОКРУГА;13.10.2023;26.10.2023;Закупка завершена;;;24.10.2023;
44-ФЗ;№0190200000323010919;Электронный аукцион;Оказание услуг по миграции баз данных в единую программную платформу;;'232890103836489010100100130046201244;;;780000.00;RUB;0;;;;;;"ГОСУДАРСТВЕННОЕ КАЗЕННОЕ УЧРЕЖДЕНИЕ ЯМАЛО-НЕНЕЦКОГО АВТОНОМНОГО ОКРУГА ""ЦЕНТРАЛИЗОВАННАЯ БУХГАЛТЕРИЯ ОРГАНОВ ГОСУДАРСТВЕННОЙ ВЛАСТИ ЯМАЛО-НЕНЕЦКОГО АВТОНОМНОГО ОКРУГА""";ДЕПАРТАМЕНТ ГОСУДАРСТВЕННОГО ЗАКАЗА ЯМАЛО-НЕНЕЦКОГО АВТОНОМНОГО ОКРУГА;25.09.2023;05.10.2023;Закупка завершена;;;05.10.2023;
44-ФЗ;№0190200000323010167;Электронный аукцион;"Оказание услуг по технической поддержке программного продукта ""Автоматизированная система бюджетного учета ""Смета""";;'232890103836489010100100120036202244;;;4311000.00;RUB;0;;;;;;"ГОСУДАРСТВЕННОЕ КАЗЕННОЕ УЧРЕЖДЕНИЕ ЯМАЛО-НЕНЕЦКОГО АВТОНОМНОГО ОКРУГА ""ЦЕНТРАЛИЗОВАННАЯ БУХГАЛТЕРИЯ ОРГАНОВ ГОСУДАРСТВЕННОЙ ВЛАСТИ ЯМАЛО-НЕНЕЦКОГО АВТОНОМНОГО ОКРУГА""";ДЕПАРТАМЕНТ ГОСУДАРСТВЕННОГО ЗАКАЗА ЯМАЛО-НЕНЕЦКОГО АВТОНОМНОГО ОКРУГА;04.09.2023;14.09.2023;Закупка завершена;;;12.09.2023;
44-ФЗ;№0190200000323008724;Электронный аукцион;Оказание услуг по расширению функциональных возможностей программного продукта  «Автоматизированная система бюджетного учета «Смета» в части администрирования доходов и обеспечения электронного взаимодействия с государственной информационной системой о государственных и муниципальных платежах;;'232890103836489010100100160026201244;;;1970000.00;RUB;0;;;;;;"ГОСУДАРСТВЕННОЕ КАЗЕННОЕ УЧРЕЖДЕНИЕ ЯМАЛО-НЕНЕЦКОГО АВТОНОМНОГО ОКРУГА ""ЦЕНТРАЛИЗОВАННАЯ БУХГАЛТЕРИЯ ОРГАНОВ ГОСУДАРСТВЕННОЙ ВЛАСТИ ЯМАЛО-НЕНЕЦКОГО АВТОНОМНОГО ОКРУГА""";ДЕПАРТАМЕНТ ГОСУДАРСТВЕННОГО ЗАКАЗА ЯМАЛО-НЕНЕЦКОГО АВТОНОМНОГО ОКРУГА;19.07.2023;03.08.2023;Закупка завершена;;;01.08.2023;
44-ФЗ;№0190200000323008594;Электронный аукцион;Оказание услуг по миграции баз данных в единую программную платформу;;'232890103836489010100100130036201244;;;6240000.00;RUB;0;;;;;;"ГОСУДАРСТВЕННОЕ КАЗЕННОЕ УЧРЕЖДЕНИЕ ЯМАЛО-НЕНЕЦКОГО АВТОНОМНОГО ОКРУГА ""ЦЕНТРАЛИЗОВАННАЯ БУХГАЛТЕРИЯ ОРГАНОВ ГОСУДАРСТВЕННОЙ ВЛАСТИ ЯМАЛО-НЕНЕЦКОГО АВТОНОМНОГО ОКРУГА""";ДЕПАРТАМЕНТ ГОСУДАРСТВЕННОГО ЗАКАЗА ЯМАЛО-НЕНЕЦКОГО АВТОНОМНОГО ОКРУГА;14.07.2023;26.07.2023;Закупка завершена;;;25.07.2023;
44-ФЗ;№0190200000323007971;Электронный аукцион;"Оказание услуг по технической поддержке программного продукта ""Автоматизированная система бюджетного учета ""Смета""";;'232890103836489010100100120026202244;;;4335000.00;RUB;0;;;;;;"ГОСУДАРСТВЕННОЕ КАЗЕННОЕ УЧРЕЖДЕНИЕ ЯМАЛО-НЕНЕЦКОГО АВТОНОМНОГО ОКРУГА ""ЦЕНТРАЛИЗОВАННАЯ БУХГАЛТЕРИЯ ОРГАНОВ ГОСУДАРСТВЕННОЙ ВЛАСТИ ЯМАЛО-НЕНЕЦКОГО АВТОНОМНОГО ОКРУГА""";ДЕПАРТАМЕНТ ГОСУДАРСТВЕННОГО ЗАКАЗА ЯМАЛО-НЕНЕЦКОГО АВТОНОМНОГО ОКРУГА;26.06.2023;06.07.2023;Закупка завершена;;;04.07.2023;
44-ФЗ;№0190200000323007970;Электронный аукцион;Оказание услуг по расширению функциональных возможностей программного продукта  «Автоматизированная система бюджетного учета «Смета» в части реализации функционала «Личный кабинет подотчетного лица»;;'232890103836489010100100170016201244;;;3030000.00;RUB;0;;;;;;"ГОСУДАРСТВЕННОЕ КАЗЕННОЕ УЧРЕЖДЕНИЕ ЯМАЛО-НЕНЕЦКОГО АВТОНОМНОГО ОКРУГА ""ЦЕНТРАЛИЗОВАННАЯ БУХГАЛТЕРИЯ ОРГАНОВ ГОСУДАРСТВЕННОЙ ВЛАСТИ ЯМАЛО-НЕНЕЦКОГО АВТОНОМНОГО ОКРУГА""";ДЕПАРТАМЕНТ ГОСУДАРСТВЕННОГО ЗАКАЗА ЯМАЛО-НЕНЕЦКОГО АВТОНОМНОГО ОКРУГА;26.06.2023;06.07.2023;Закупка завершена;;;04.07.2023;
44-ФЗ;№0190200000323007969;Электронный аукцион;Оказание услуг по расширению функциональных возможностей программного продукта  «Автоматизированная система бюджетного учета «Смета» в части администрирования доходов и обеспечения электронного взаимодействия с государственной информационной системой о государственных и муниципальных платежах;;'232890103836489010100100160016201244;;;1970000.00;RUB;0;;;;;;"ГОСУДАРСТВЕННОЕ КАЗЕННОЕ УЧРЕЖДЕНИЕ ЯМАЛО-НЕНЕЦКОГО АВТОНОМНОГО ОКРУГА ""ЦЕНТРАЛИЗОВАННАЯ БУХГАЛТЕРИЯ ОРГАНОВ ГОСУДАРСТВЕННОЙ ВЛАСТИ ЯМАЛО-НЕНЕЦКОГО АВТОНОМНОГО ОКРУГА""";ДЕПАРТАМЕНТ ГОСУДАРСТВЕННОГО ЗАКАЗА ЯМАЛО-НЕНЕЦКОГО АВТОНОМНОГО ОКРУГА;26.06.2023;27.06.2023;Определение поставщика отменено;;;04.07.2023;
44-ФЗ;№0190200000323003814;Электронный аукцион;Оказание услуг по миграции баз данных в единую программную платформу;;'232890103836489010100100130026201244;;;6800000.00;RUB;0;;;;;;"ГОСУДАРСТВЕННОЕ КАЗЕННОЕ УЧРЕЖДЕНИЕ ЯМАЛО-НЕНЕЦКОГО АВТОНОМНОГО ОКРУГА ""ЦЕНТРАЛИЗОВАННАЯ БУХГАЛТЕРИЯ ОРГАНОВ ГОСУДАРСТВЕННОЙ ВЛАСТИ ЯМАЛО-НЕНЕЦКОГО АВТОНОМНОГО ОКРУГА""";ДЕПАРТАМЕНТ ГОСУДАРСТВЕННОГО ЗАКАЗА ЯМАЛО-НЕНЕЦКОГО АВТОНОМНОГО ОКРУГА;30.03.2023;12.04.2023;Закупка завершена;;;11.04.2023;
44-ФЗ;№0190200000323001948;Электронный аукцион;"Оказание услуг по технической поддержке программного продукта ""Автоматизированная система бюджетного учета ""Смета""";;'232890103836489010100100120016202244;;;1555750.00;RUB;0;;;;;;"ГОСУДАРСТВЕННОЕ КАЗЕННОЕ УЧРЕЖДЕНИЕ ЯМАЛО-НЕНЕЦКОГО АВТОНОМНОГО ОКРУГА ""ЦЕНТРАЛИЗОВАННАЯ БУХГАЛТЕРИЯ ОРГАНОВ ГОСУДАРСТВЕННОЙ ВЛАСТИ ЯМАЛО-НЕНЕЦКОГО АВТОНОМНОГО ОКРУГА""";ДЕПАРТАМЕНТ ГОСУДАРСТВЕННОГО ЗАКАЗА ЯМАЛО-НЕНЕЦКОГО АВТОНОМНОГО ОКРУГА;21.02.2023;13.03.2023;Закупка завершена;;;09.03.2023;
44-ФЗ;№0190200000323000010;Электронный аукцион;Оказание услуг по миграции баз данных в единую программную платформу;;'232890103836489010100100130016201244;;;5800000.00;RUB;0;;;;;;"ГОСУДАРСТВЕННОЕ КАЗЕННОЕ УЧРЕЖДЕНИЕ ЯМАЛО-НЕНЕЦКОГО АВТОНОМНОГО ОКРУГА ""ЦЕНТРАЛИЗОВАННАЯ БУХГАЛТЕРИЯ ОРГАНОВ ГОСУДАРСТВЕННОЙ ВЛАСТИ ЯМАЛО-НЕНЕЦКОГО АВТОНОМНОГО ОКРУГА""";ДЕПАРТАМЕНТ ГОСУДАРСТВЕННОГО ЗАКАЗА ЯМАЛО-НЕНЕЦКОГО АВТОНОМНОГО ОКРУГА;13.01.2023;26.01.2023;Закупка завершена;;;24.01.2023;
44-ФЗ;№0190200000322015657;Электронный аукцион;"Оказание услуг по технической поддержке программного продукта ""Автоматизированная система бюджетного учета ""Смета""";;'222890103836489010100100190016202244;;;1555750.00;RUB;0;;;;;;"ГОСУДАРСТВЕННОЕ КАЗЕННОЕ УЧРЕЖДЕНИЕ ЯМАЛО-НЕНЕЦКОГО АВТОНОМНОГО ОКРУГА ""ЦЕНТРАЛИЗОВАННАЯ БУХГАЛТЕРИЯ ОРГАНОВ ГОСУДАРСТВЕННОЙ ВЛАСТИ ЯМАЛО-НЕНЕЦКОГО АВТОНОМНОГО ОКРУГА""";ДЕПАРТАМЕНТ ГОСУДАРСТВЕННОГО ЗАКАЗА ЯМАЛО-НЕНЕЦКОГО АВТОНОМНОГО ОКРУГА;23.12.2022;13.01.2023;Закупка завершена;;;12.01.2023;
44-ФЗ;№0190200000322011605;Электронный аукцион;"Оказание услуг по настройке программного продукта ""Автоматизированная система бюджетного учета ""Смета""";;'222890103836489010100100150026201244;;;3640000.00;RUB;0;;;;;;"ГОСУДАРСТВЕННОЕ КАЗЕННОЕ УЧРЕЖДЕНИЕ ЯМАЛО-НЕНЕЦКОГО АВТОНОМНОГО ОКРУГА ""ЦЕНТРАЛИЗОВАННАЯ БУХГАЛТЕРИЯ ОРГАНОВ ГОСУДАРСТВЕННОЙ ВЛАСТИ ЯМАЛО-НЕНЕЦКОГО АВТОНОМНОГО ОКРУГА""";ДЕПАРТАМЕНТ ГОСУДАРСТВЕННОГО ЗАКАЗА ЯМАЛО-НЕНЕЦКОГО АВТОНОМНОГО ОКРУГА;21.10.2022;02.11.2022;Закупка завершена;;;01.11.2022;
44-ФЗ;№0190200000322011156;Электронный аукцион;Оказание услуг по настройке программного продукта «Автоматизированная система бюджетного учета «Смета» в части электронного взаимодействия с внешней автоматизированной информационной системой «Управление жилищным фондом Ямало-Ненецкого автономного округа»;;'222890103836489010100100180016201244;;;3000000.00;RUB;0;;;;;;"ГОСУДАРСТВЕННОЕ КАЗЕННОЕ УЧРЕЖДЕНИЕ ЯМАЛО-НЕНЕЦКОГО АВТОНОМНОГО ОКРУГА ""ЦЕНТРАЛИЗОВАННАЯ БУХГАЛТЕРИЯ ОРГАНОВ ГОСУДАРСТВЕННОЙ ВЛАСТИ ЯМАЛО-НЕНЕЦКОГО АВТОНОМНОГО ОКРУГА""";ДЕПАРТАМЕНТ ГОСУДАРСТВЕННОГО ЗАКАЗА ЯМАЛО-НЕНЕЦКОГО АВТОНОМНОГО ОКРУГА;14.10.2022;26.10.2022;Закупка завершена;;;25.10.2022;
44-ФЗ;№0190200000322008580;Электронный аукцион;Оказание услуг по настройке программного продукта «Автоматизированная система бюджетного учета «Смета» в части обеспечения электронного взаимодействия с внешней информационной системой ГИС «Имущество ЯНАО»;;'222890103836489010100100140016201244;;;1500000.00;RUB;0;;;;;;"ГОСУДАРСТВЕННОЕ КАЗЕННОЕ УЧРЕЖДЕНИЕ ЯМАЛО-НЕНЕЦКОГО АВТОНОМНОГО ОКРУГА ""ЦЕНТРАЛИЗОВАННАЯ БУХГАЛТЕРИЯ ОРГАНОВ ГОСУДАРСТВЕННОЙ ВЛАСТИ ЯМАЛО-НЕНЕЦКОГО АВТОНОМНОГО ОКРУГА""";ДЕПАРТАМЕНТ ГОСУДАРСТВЕННОГО ЗАКАЗА ЯМАЛО-НЕНЕЦКОГО АВТОНОМНОГО ОКРУГА;27.07.2022;10.08.2022;Закупка завершена;;;09.08.2022;
44-ФЗ;№0190200000322006833;Электронный аукцион;Оказание услуг по настройке программного продукта «Автоматизированная система бюджетного учета «Смета» по обеспечению электронного взаимодействия с внешними информационными системами в сфере закупок;;'222890103836489010100100130016201244;;;2800000.00;RUB;0;;;;;;"ГОСУДАРСТВЕННОЕ КАЗЕННОЕ УЧРЕЖДЕНИЕ ЯМАЛО-НЕНЕЦКОГО АВТОНОМНОГО ОКРУГА ""ЦЕНТРАЛИЗОВАННАЯ БУХГАЛТЕРИЯ ОРГАНОВ ГОСУДАРСТВЕННОЙ ВЛАСТИ ЯМАЛО-НЕНЕЦКОГО АВТОНОМНОГО ОКРУГА""";ДЕПАРТАМЕНТ ГОСУДАРСТВЕННОГО ЗАКАЗА ЯМАЛО-НЕНЕЦКОГО АВТОНОМНОГО ОКРУГА;07.06.2022;16.06.2022;Закупка завершена;;;15.06.2022;
44-ФЗ;№0190200000321014513;Электронный аукцион;"Оказание услуг по технической поддержке программного продукта АС ""Смета"" в рамках реализации мероприятия по централизации бухгалтерского (бюджетного) учета и формированию бухгалтерской (бюджетной) отчетности за органы государственной власти Ямало-Ненецкого автономного округа";;'212890103836489010100100160016202244;;;3358000.00;RUB;0;;;;;;"ГОСУДАРСТВЕННОЕ КАЗЕННОЕ УЧРЕЖДЕНИЕ ЯМАЛО-НЕНЕЦКОГО АВТОНОМНОГО ОКРУГА ""ЦЕНТРАЛИЗОВАННАЯ БУХГАЛТЕРИЯ ОРГАНОВ ГОСУДАРСТВЕННОЙ ВЛАСТИ ЯМАЛО-НЕНЕЦКОГО АВТОНОМНОГО ОКРУГА""";"ОБЩЕСТВО С ОГРАНИЧЕННОЙ ОТВЕТСТВЕННОСТЬЮ ""НАУЧНО-ЦИФРОВАЯ КОМПАНИЯ ""КРИСТА""";21.12.2021;13.01.2022;Закупка завершена;;;12.01.2022;
44-ФЗ;№0190200000321011577;Электронный аукцион;Оказание услуг по развитию системы бухгалтерского (бюджетного) учета и формирования бухгалтерской (бюджетной) отчетности в органах государственной власти ЯНАО в части настройки государственной информационной системы «Смета Ямало-Ненецкого автономного округа» по обеспечению электронного взаимодействия с внешней информационной системой;;'212890103836489010100100150026201244;;;1500000.00;RUB;0;;;;;;"ГОСУДАРСТВЕННОЕ КАЗЕННОЕ УЧРЕЖДЕНИЕ ЯМАЛО-НЕНЕЦКОГО АВТОНОМНОГО ОКРУГА ""ЦЕНТРАЛИЗОВАННАЯ БУХГАЛТЕРИЯ ОРГАНОВ ГОСУДАРСТВЕННОЙ ВЛАСТИ ЯМАЛО-НЕНЕЦКОГО АВТОНОМНОГО ОКРУГА""";"ОБЩЕСТВО С ОГРАНИЧЕННОЙ ОТВЕТСТВЕННОСТЬЮ ""НПО ""КРИСТА""";01.11.2021;18.11.2021;Закупка завершена;;;17.11.2021;
44-ФЗ;№0190200000321010728;Электронный аукцион;Оказание услуг по развитию системы бухгалтерского (бюджетного) учета и формирования бухгалтерской (бюджетной) отчетности в органах государственной власти ЯНАО в части настройки государственной информационной системы «Смета Ямало-Ненецкого автономного округа» по обеспечению электронного взаимодействия с внешней информационной системой;;'212890103836489010100100150016201244;;;1500000.00;RUB;0;;;;;;"ГОСУДАРСТВЕННОЕ КАЗЕННОЕ УЧРЕЖДЕНИЕ ЯМАЛО-НЕНЕЦКОГО АВТОНОМНОГО ОКРУГА ""ЦЕНТРАЛИЗОВАННАЯ БУХГАЛТЕРИЯ ОРГАНОВ ГОСУДАРСТВЕННОЙ ВЛАСТИ ЯМАЛО-НЕНЕЦКОГО АВТОНОМНОГО ОКРУГА""";ДЕПАРТАМЕНТ ГОСУДАРСТВЕННОГО ЗАКАЗА ЯМАЛО-НЕНЕЦКОГО АВТОНОМНОГО ОКРУГА;15.10.2021;21.10.2021;Определение поставщика отменено;;;27.10.2021;
44-ФЗ;№0190200000321001884;Электронный аукцион;Оказание услуг по развитию Единой системы управления бюджетным процессом Ямало-Ненецкого автономного округа в части подключения пользователей органов государственной власти Ямало-Ненецкого автономного округа к личному кабинету и подсистеме бухгалтерского учета и отчетности для обеспечения процесса ведения бухгалтерского учета и составления отчетности на основе web-технологий («тонкий» клиент);;'212890103836489010100100090026201244;;;1200000.00;RUB;0;;;;;;"ГОСУДАРСТВЕННОЕ КАЗЕННОЕ УЧРЕЖДЕНИЕ ЯМАЛО-НЕНЕЦКОГО АВТОНОМНОГО ОКРУГА ""ЦЕНТРАЛИЗОВАННАЯ БУХГАЛТЕРИЯ ОРГАНОВ ГОСУДАРСТВЕННОЙ ВЛАСТИ ЯМАЛО-НЕНЕЦКОГО АВТОНОМНОГО ОКРУГА""";"ОБЩЕСТВО С ОГРАНИЧЕННОЙ ОТВЕТСТВЕННОСТЬЮ ""НАУЧНО-ЦИФРОВАЯ КОМПАНИЯ ""КРИСТА""";05.03.2021;18.03.2021;Закупка завершена;;;17.03.2021;
44-ФЗ;№0190200000321000504;Электронный аукцион;Оказание консалтинговых услуг для создания и сопровождения проекта по формированию единой цифровой среды органов государственной власти Ямало-Ненецкого автономного округа;;'212890103836489010100100140017022244;;;2000000.00;RUB;0;;;;;;"ГОСУДАРСТВЕННОЕ КАЗЕННОЕ УЧРЕЖДЕНИЕ ЯМАЛО-НЕНЕЦКОГО АВТОНОМНОГО ОКРУГА ""ЦЕНТРАЛИЗОВАННАЯ БУХГАЛТЕРИЯ ОРГАНОВ ГОСУДАРСТВЕННОЙ ВЛАСТИ ЯМАЛО-НЕНЕЦКОГО АВТОНОМНОГО ОКРУГА""";ДЕПАРТАМЕНТ ГОСУДАРСТВЕННОГО ЗАКАЗА ЯМАЛО-НЕНЕЦКОГО АВТОНОМНОГО ОКРУГА;02.02.2021;16.02.2021;Закупка завершена;;;10.02.2021;
44-ФЗ;№0190200000320013731;Электронный аукцион;"Оказание услуг по технической поддержке программного продукта АС ""Смета"" в рамках реализации мероприятия по централизации бухгалтерского (бюджетного) учета и формированию бухгалтерской (бюджетной) отчетности за органы государственной власти Ямало-Ненецкого автономного округа.";;'202890103836489010100100100026202244;;;3229200.00;RUB;0;;;;;;"ГОСУДАРСТВЕННОЕ КАЗЕННОЕ УЧРЕЖДЕНИЕ ЯМАЛО-НЕНЕЦКОГО АВТОНОМНОГО ОКРУГА ""ЦЕНТРАЛИЗОВАННАЯ БУХГАЛТЕРИЯ ОРГАНОВ ГОСУДАРСТВЕННОЙ ВЛАСТИ ЯМАЛО-НЕНЕЦКОГО АВТОНОМНОГО ОКРУГА""";ДЕПАРТАМЕНТ ГОСУДАРСТВЕННОГО ЗАКАЗА ЯМАЛО-НЕНЕЦКОГО АВТОНОМНОГО ОКРУГА;01.12.2020;10.12.2020;Закупка завершена;;;09.12.2020;
44-ФЗ;№0190200000320008781;Электронный аукцион;Оказание услуг по развитию Единой системы управления бюджетным процессом Ямало-Ненецкого автономного округа в части подключения пользователей органов государственной власти Ямало-Ненецкого автономного округа к личному кабинету и подсистеме бухгалтерского учета и отчетности для обеспечения процесса ведения бухгалтерского учета и составления отчетности на основе web-технологий («тонкий» клиент);;'202890103836489010100100020076201244;;;1500000.00;RUB;0;;;;;;"ГОСУДАРСТВЕННОЕ КАЗЕННОЕ УЧРЕЖДЕНИЕ ЯМАЛО-НЕНЕЦКОГО АВТОНОМНОГО ОКРУГА ""ЦЕНТРАЛИЗОВАННАЯ БУХГАЛТЕРИЯ ОРГАНОВ ГОСУДАРСТВЕННОЙ ВЛАСТИ ЯМАЛО-НЕНЕЦКОГО АВТОНОМНОГО ОКРУГА""";ДЕПАРТАМЕНТ ГОСУДАРСТВЕННОГО ЗАКАЗА ЯМАЛО-НЕНЕЦКОГО АВТОНОМНОГО ОКРУГА;21.08.2020;03.09.2020;Закупка завершена;;;02.09.2020;
44-ФЗ;№0190200000320008802;Электронный аукцион;Оказание услуг по развитию Единой системы управления бюджетным процессом Ямало-Ненецкого автономного округа в части подключения пользователей органов государственной власти Ямало-Ненецкого автономного округа к личному кабинету и подсистеме бухгалтерского учета и отчетности для обеспечения процесса ведения бухгалтерского учета и составления отчетности на основе web-технологий («тонкий» клиент);;'202890103836489010100100020066201244;;;1500000.00;RUB;0;;;;;;"ГОСУДАРСТВЕННОЕ КАЗЕННОЕ УЧРЕЖДЕНИЕ ЯМАЛО-НЕНЕЦКОГО АВТОНОМНОГО ОКРУГА ""ЦЕНТРАЛИЗОВАННАЯ БУХГАЛТЕРИЯ ОРГАНОВ ГОСУДАРСТВЕННОЙ ВЛАСТИ ЯМАЛО-НЕНЕЦКОГО АВТОНОМНОГО ОКРУГА""";ДЕПАРТАМЕНТ ГОСУДАРСТВЕННОГО ЗАКАЗА ЯМАЛО-НЕНЕЦКОГО АВТОНОМНОГО ОКРУГА;21.08.2020;03.09.2020;Закупка завершена;;;02.09.2020;
44-ФЗ;№0190200000320003487;Электронный аукцион;"Оказание услуг по развитию Единой системы управления бюджетным процессом Ямало-Ненецкого автономного округа в части подключения пользователей органов государственной власти к личному кабинету и подсистеме бухгалтерского учета и отчетности для обеспечения процесса ведения бухгалтерского учета и составления отчетности на основе web-технологий (""тонкий"" клиент)";;'202890103836489010100100020056201244;;;1200000.00;RUB;0;;;;;;"ГОСУДАРСТВЕННОЕ КАЗЕННОЕ УЧРЕЖДЕНИЕ ЯМАЛО-НЕНЕЦКОГО АВТОНОМНОГО ОКРУГА ""ЦЕНТРАЛИЗОВАННАЯ БУХГАЛТЕРИЯ ОРГАНОВ ГОСУДАРСТВЕННОЙ ВЛАСТИ ЯМАЛО-НЕНЕЦКОГО АВТОНОМНОГО ОКРУГА""";ДЕПАРТАМЕНТ ГОСУДАРСТВЕННОГО ЗАКАЗА ЯМАЛО-НЕНЕЦКОГО АВТОНОМНОГО ОКРУГА;30.03.2020;16.04.2020;Закупка завершена;;;15.04.2020;
44-ФЗ;№0190200000320003495;Электронный аукцион;"Оказание услуг по развитию Единой системы управления бюджетным процессом Ямало-Ненецкого автономного округа в части подключения пользователей органов государственной власти к личному кабинету и подсистеме бухгалтерского учета и отчетности для обеспечения процесса ведения бухгалтерского учета и составления отчетности на основе web-технологий (""тонкий"" клиент)";;'202890103836489010100100020046201244;;;1200000.00;RUB;0;;;;;;"ГОСУДАРСТВЕННОЕ КАЗЕННОЕ УЧРЕЖДЕНИЕ ЯМАЛО-НЕНЕЦКОГО АВТОНОМНОГО ОКРУГА ""ЦЕНТРАЛИЗОВАННАЯ БУХГАЛТЕРИЯ ОРГАНОВ ГОСУДАРСТВЕННОЙ ВЛАСТИ ЯМАЛО-НЕНЕЦКОГО АВТОНОМНОГО ОКРУГА""";ДЕПАРТАМЕНТ ГОСУДАРСТВЕННОГО ЗАКАЗА ЯМАЛО-НЕНЕЦКОГО АВТОНОМНОГО ОКРУГА;30.03.2020;16.04.2020;Закупка завершена;;;15.04.2020;
44-ФЗ;№0190200000320002713;Электронный аукцион;"Оказание услуг по технической поддержке программного продукта АС ""Смета"" в рамках реализации мероприятия по централизации бухгалтерского (бюджетного) учета и формированию бухгалтерской (бюджетной) отчетности за органы государственной власти Ямало-Ненецкого автономного округа";;'202890103836489010100100040026202244;;;3000000.00;RUB;0;;;;;;"ГОСУДАРСТВЕННОЕ КАЗЕННОЕ УЧРЕЖДЕНИЕ ЯМАЛО-НЕНЕЦКОГО АВТОНОМНОГО ОКРУГА ""ЦЕНТРАЛИЗОВАННАЯ БУХГАЛТЕРИЯ ОРГАНОВ ГОСУДАРСТВЕННОЙ ВЛАСТИ ЯМАЛО-НЕНЕЦКОГО АВТОНОМНОГО ОКРУГА""";ДЕПАРТАМЕНТ ГОСУДАРСТВЕННОГО ЗАКАЗА ЯМАЛО-НЕНЕЦКОГО АВТОНОМНОГО ОКРУГА;20.03.2020;09.04.2020;Закупка завершена;;;01.04.2020;
44-ФЗ;№0190200000320002979;Электронный аукцион;Оказание консалтинговых услуг для создания и сопровождения проекта по эффективному, устойчивому развитию централизации ведения бухгалтерского (бюджетного) учета и формирования бухгалтерской (бюджетной) отчетности в органах государственной власти Ямало-Ненецкого автономного округа.;;'202890103836489010100100090017022244;;;1500000.00;RUB;0;;;;;;"ГОСУДАРСТВЕННОЕ КАЗЕННОЕ УЧРЕЖДЕНИЕ ЯМАЛО-НЕНЕЦКОГО АВТОНОМНОГО ОКРУГА ""ЦЕНТРАЛИЗОВАННАЯ БУХГАЛТЕРИЯ ОРГАНОВ ГОСУДАРСТВЕННОЙ ВЛАСТИ ЯМАЛО-НЕНЕЦКОГО АВТОНОМНОГО ОКРУГА""";ДЕПАРТАМЕНТ ГОСУДАРСТВЕННОГО ЗАКАЗА ЯМАЛО-НЕНЕЦКОГО АВТОНОМНОГО ОКРУГА;25.03.2020;09.04.2020;Закупка завершена;;;08.04.2020;
44-ФЗ;№0190200000320000774;Электронный аукцион;"Оказание услуг по развитию Единой системы управления бюджетным процессом Ямало-Ненецкого автономного округа в части подключения пользователей исполнительных органов государственной власти к личному кабинету и подсистеме бухгалтерского учета и отчетности для обеспечения процесса ведения бухгалтерского учета и составления отчетности на основе web-технологий (""тонкий"" клиент)";;'202890103836489010100100020026201244;;;1800000.00;RUB;0;;;;;;"ГОСУДАРСТВЕННОЕ КАЗЕННОЕ УЧРЕЖДЕНИЕ ЯМАЛО-НЕНЕЦКОГО АВТОНОМНОГО ОКРУГА ""ЦЕНТРАЛИЗОВАННАЯ БУХГАЛТЕРИЯ ОРГАНОВ ГОСУДАРСТВЕННОЙ ВЛАСТИ ЯМАЛО-НЕНЕЦКОГО АВТОНОМНОГО ОКРУГА""";ДЕПАРТАМЕНТ ГОСУДАРСТВЕННОГО ЗАКАЗА ЯМАЛО-НЕНЕЦКОГО АВТОНОМНОГО ОКРУГА;05.02.2020;20.02.2020;Закупка завершена;;;19.02.2020;
